sample,primer_f,primer_r
Anguis_MHCI,TYVCRCTYCHWKYDSHMK,NYVYDRYRMNCASAVYRR
sample,barcode_f,barcode_r
17038-1,AACCGA,AACACT
17039-1,CCGGAA,AACACT
17040-1,AGTGTT,AACACT
17041-1,CCGCTG,AACACT
17042-1,AACGCG,AACACT
17043-1,GGCTAC,AACACT
17044-1,TTCTCG,AACACT
17045-1,TCACTC,AACACT
17046-1,AACCGA,CAGCGG
17047-1,CCGGAA,CAGCGG
17048-1,AGTGTT,CAGCGG
17049-1,CCGCTG,CAGCGG
17050-1,AACGCG,CAGCGG
17051-1,GGCTAC,CAGCGG
17052-1,TTCTCG,CAGCGG
17053-1,TCACTC,CAGCGG
17054-1,AACCGA,CGCGTT
17055-1,CCGGAA,CGCGTT
17056-1,AGTGTT,CGCGTT
17057-1,CCGCTG,CGCGTT
17058-1,AACGCG,CGCGTT
17059-1,GGCTAC,CGCGTT
17060-1,TTCTCG,CGCGTT
17061-1,TCACTC,CGCGTT
17062-1,AACCGA,GTAGCC
17063-1,CCGGAA,GTAGCC
17064-1,AGTGTT,GTAGCC
17065-1,CCGCTG,GTAGCC
17066-1,AACGCG,GTAGCC
17067-1,GGCTAC,GTAGCC
17068-1,TTCTCG,GTAGCC
17069-1,TCACTC,GTAGCC
17070-1,AACCGA,CGAGAA
17071-1,CCGGAA,CGAGAA
17072-1,AGTGTT,CGAGAA
17073-1,CCGCTG,CGAGAA
17074-1,AACGCG,CGAGAA
17075-1,GGCTAC,CGAGAA
17076-1,TTCTCG,CGAGAA
17077-1,TCACTC,CGAGAA
17078-1,AACCGA,GAGTGA
17079-1,CCGGAA,GAGTGA
17080-1,AGTGTT,GAGTGA
17081-1,CCGCTG,GAGTGA
17082-1,AACGCG,GAGTGA
17050-2,GGCTAC,GAGTGA
17072-2,TTCTCG,GAGTGA
